date,India,Germany,Pakistan
2020-01-01,,,
2020-01-02,,,
2020-01-03,,,
2020-01-04,,,
2020-01-05,,,
2020-01-06,,,
2020-01-07,,,
2020-01-08,,,
2020-01-09,,,
2020-01-10,,,
2020-01-11,,,
2020-01-12,,,
2020-01-13,,,
2020-01-14,,,
2020-01-15,,,
2020-01-16,,,
2020-01-17,,,
2020-01-18,,,
2020-01-19,,,
2020-01-20,,,
2020-01-21,,,
2020-01-22,,,
2020-01-23,,,
2020-01-24,,,
2020-01-25,,,
2020-01-26,,,
2020-01-27,,1.1918884221758422e-08,
2020-01-28,,4.767553688703369e-08,
2020-01-29,,4.767553688703369e-08,
2020-01-30,7.176643586463674e-10,4.767553688703369e-08,
2020-01-31,7.176643586463674e-10,5.959442110879211e-08,
2020-02-01,7.176643586463674e-10,9.535107377406738e-08,
2020-02-02,1.4353287172927348e-09,1.1918884221758421e-07,
2020-02-03,2.152993075939102e-09,1.4302661066110105e-07,
2020-02-04,2.152993075939102e-09,1.4302661066110105e-07,
2020-02-05,2.152993075939102e-09,1.4302661066110105e-07,
2020-02-06,2.152993075939102e-09,1.4302661066110105e-07,
2020-02-07,2.152993075939102e-09,1.5494549488285948e-07,
2020-02-08,2.152993075939102e-09,1.5494549488285948e-07,
2020-02-09,2.152993075939102e-09,1.668643791046179e-07,
2020-02-10,2.152993075939102e-09,1.668643791046179e-07,
2020-02-11,2.152993075939102e-09,1.9070214754813475e-07,
2020-02-12,2.152993075939102e-09,1.9070214754813475e-07,
2020-02-13,2.152993075939102e-09,1.9070214754813475e-07,
2020-02-14,2.152993075939102e-09,1.9070214754813475e-07,
2020-02-15,2.152993075939102e-09,1.9070214754813475e-07,
2020-02-16,2.152993075939102e-09,1.9070214754813475e-07,
2020-02-17,2.152993075939102e-09,1.9070214754813475e-07,
2020-02-18,2.152993075939102e-09,1.9070214754813475e-07,
2020-02-19,2.152993075939102e-09,1.9070214754813475e-07,
2020-02-20,2.152993075939102e-09,1.9070214754813475e-07,
2020-02-21,2.152993075939102e-09,1.9070214754813475e-07,
2020-02-22,2.152993075939102e-09,1.9070214754813475e-07,
2020-02-23,2.152993075939102e-09,1.9070214754813475e-07,
2020-02-24,2.152993075939102e-09,1.9070214754813475e-07,
2020-02-25,2.152993075939102e-09,1.9070214754813475e-07,8.880997471362436e-09
2020-02-26,2.152993075939102e-09,2.5029656865692683e-07,8.880997471362436e-09
2020-02-27,2.152993075939102e-09,3.0989098976571897e-07,8.880997471362436e-09
2020-02-28,2.152993075939102e-09,6.317008637531963e-07,1.7761994942724872e-08
2020-02-29,2.152993075939102e-09,7.866463586360558e-07,1.7761994942724872e-08
2020-03-01,2.152993075939102e-09,1.3945094539457352e-06,1.7761994942724872e-08
2020-03-02,3.588321793231837e-09,1.7878326332637633e-06,2.220249367840609e-08
2020-03-03,3.588321793231837e-09,2.2407502336905834e-06,2.220249367840609e-08
2020-03-04,2.0094602042098286e-08,2.860532213222021e-06,2.220249367840609e-08
2020-03-05,2.1529930759391023e-08,4.159690593393689e-06,2.6642992414087306e-08
2020-03-06,2.224759511803739e-08,6.364684174418997e-06,2.6642992414087306e-08
2020-03-07,2.4400588193976493e-08,8.15251680768276e-06,2.6642992414087306e-08
2020-03-08,2.7988909987208328e-08,1.0095294935829383e-05,2.6642992414087306e-08
2020-03-09,3.08595674217938e-08,1.3253799254595365e-05,7.104797977089949e-08
2020-03-10,4.018920408419657e-08,1.5446873951398915e-05,8.436947597794314e-08
2020-03-11,4.449519023607478e-08,1.8676891575495448e-05,8.880997471362436e-08
2020-03-12,5.238949818118482e-08,2.82358367213457e-05,1.243339645990741e-07
2020-03-13,5.884847740900213e-08,3.6495623487024286e-05,1.3765546080611776e-07
2020-03-14,7.320176458192948e-08,4.523216562157321e-05,2.3534643299110454e-07
2020-03-15,8.109607252703951e-08,5.766356186486724e-05,6.039078280526456e-07
2020-03-16,8.540205867891772e-08,7.165633194121163e-05,1.0479577016207673e-06
2020-03-17,1.0190833892778417e-07,8.529153549090327e-05,1.3277091219686842e-06
2020-03-18,1.1195563994883331e-07,9.771101284997553e-05,2.0159864259992728e-06
2020-03-19,1.3922688557739527e-07,0.00013109580755512088,2.2246898665762902e-06
2020-03-20,1.7511010350971366e-07,0.00016635186708308228,3.241564077047289e-06
2020-03-21,2.3682923835330125e-07,0.0001985924489029388,3.445827018888625e-06
2020-03-22,2.841950860239615e-07,0.00022181043536692423,3.885436393721066e-06
2020-03-23,3.581145149645373e-07,0.00027022494307570694,4.316164771082144e-06
2020-03-24,3.8466809623445294e-07,0.00032700650750816404,4.720250156029134e-06
2020-03-25,4.715054836306634e-07,0.0003760884727333652,5.3330389815531424e-06
2020-03-26,5.217419887359091e-07,0.00043513462516795646,6.096804764090312e-06
2020-03-27,6.365682861193279e-07,0.0005040257759697201,6.63854560984342e-06
2020-03-28,7.083347219839646e-07,0.0005790432332614677,7.091476480882905e-06
2020-03-29,7.348883032538802e-07,0.0006263016092007398,7.6243363291646505e-06
2020-03-30,8.977981126666057e-07,0.000682928228138314,8.6056865497502e-06
2020-03-31,1.0025771090289753e-06,0.0007379338788217291,9.404976322172818e-06
2020-04-01,1.433893388575442e-06,0.0008029275544829778,1.0750447439084228e-05
2020-04-02,1.8250204640377122e-06,0.0008763002057521227,1.1927179604039751e-05
2020-04-03,1.842244408645225e-06,0.0009498873969372592,1.2513325437149672e-05
2020-04-04,2.2118415533481043e-06,0.001022378050773994,1.4018654508545604e-05
2020-04-05,2.5749797188231663e-06,0.0010931285475143519,1.6722918238575467e-05
2020-04-06,3.4290003056123437e-06,0.0011369542847977576,1.7917412398473713e-05
2020-04-07,3.8115154087708574e-06,0.0011826512869039794,1.892984611020903e-05
2020-04-08,4.24570234575191e-06,0.0012303625804436784,1.9933398824472986e-05
2020-04-09,4.826292811896821e-06,0.0012896471105627047,2.084814156402332e-05
2020-04-10,5.4528137969951e-06,0.0013530913312751248,2.225133916449858e-05
2020-04-11,6.061393173127219e-06,0.0014023520797636524,2.3223808387612768e-05
2020-04-12,6.606100421339812e-06,0.001435975252153233,2.440498105130397e-05
2020-04-13,7.5017455409304785e-06,0.0014662134614238339,2.5919191120171267e-05
2020-04-14,8.243810487770822e-06,0.001491028578373535,2.8343703429853214e-05
2020-04-15,8.84306022724054e-06,0.0015206589245488264,3.072381075217835e-05
2020-04-16,9.638232336620715e-06,0.001554818446728386,3.1194503618160555e-05
2020-04-17,1.0299918875292665e-05,0.0015951042753979295,3.391652934313314e-05
2020-04-18,1.1283119046638189e-05,0.0016381195285542556,3.7069283445466805e-05
2020-04-19,1.2641657677555761e-05,0.0016674161459713378,3.738011835696449e-05
2020-04-20,1.3304779544945005e-05,0.0016885721654649592,4.247337040679085e-05
2020-04-21,1.4410700321619058e-05,0.0017098473738007978,4.474246526072395e-05
2020-04-22,1.533648734427287e-05,0.0017365099178048714,4.953376339652398e-05
2020-04-23,1.656154040448222e-05,0.0017645431334944472,5.301955490403374e-05
2020-04-24,1.7604306717595393e-05,0.0017923975659206966,5.649646541407213e-05
2020-04-25,1.8862372338302473e-05,0.0018168908729964102,5.918296714915927e-05
2020-04-26,2.001565896264719e-05,0.0018375939748896046,6.178953990700414e-05
2020-04-27,2.1135933026494166e-05,0.0018497273990273548,6.488456752577396e-05
2020-04-28,2.2480118370238814e-05,0.0018633626025770463,6.89387428714509e-05
2020-04-29,2.37274190255662e-05,0.0018789048276022192,7.467586723795103e-05
2020-04-30,2.501993253548831e-05,0.0018965209384819782,8.043519409812958e-05
2020-05-01,2.673802101008771e-05,0.0019160559897214403,8.482684734771831e-05
2020-05-02,2.849055737390214e-05,0.001927319335311002,8.918297660742157e-05
2020-05-03,3.0504323564263847e-05,0.0019367710104988565,9.298848402390039e-05
2020-05-04,3.3326179822461364e-05,0.0019448639328854304,9.790855662303517e-05
2020-05-05,3.545261931713055e-05,0.001953028368577335,0.00010689612606405396
2020-05-06,3.802688137159507e-05,0.00196431555193534,0.00010943165084212793
2020-05-07,4.044110427408145e-05,0.001979619399276078,0.000117384584077733
2020-05-08,4.28409738893949e-05,0.001994029330300184,0.00012760217166853547
2020-05-09,4.507506303786104e-05,0.002008939854461604,0.00013469808864815405
2020-05-10,4.819905599104868e-05,0.0020168897502375167,0.00014245563993938915
2020-05-11,5.078767133268613e-05,0.0020211447919046845,0.00015246896458835028
2020-05-12,5.3316720532555925e-05,0.002032265110883585,0.00015674072437207563
2020-05-13,5.601729151414221e-05,0.002041776380492548,0.00015891656875255942
2020-05-14,5.884632441592619e-05,0.002052896699471449,0.00017228691044569557
2020-05-15,6.156411934211998e-05,0.0020637786407659143,0.00017228691044569557
2020-05-16,6.505483878257591e-05,0.002071168348983404,0.00017829046473633657
2020-05-17,6.867904379374006e-05,0.0020781170584846897,0.00018705600924057129
2020-05-18,7.200182977427275e-05,0.002082193316888531,0.0001952309674129604
2020-05-19,7.641331258687197e-05,0.002088307704494293,0.00020381001097029652
2020-05-20,8.039850277043525e-05,0.0020978070552190344,0.00021354802469764544
2020-05-21,8.484658646532543e-05,0.0021066866239642444,0.00022510664290662365
2020-05-22,8.956020597291478e-05,0.0021121693107062534,0.00023284643220291602
2020-05-23,9.431760300638155e-05,0.002119773558839735,0.00024245567146693016
2020-05-24,9.942234958943315e-05,0.0021249105979393133,0.00025021766325690096
2020-05-25,0.00010402544878579095,0.0021283551554794012,0.00025623897954248466
2020-05-26,0.00010821876163336168,0.002133504113463201,0.0002626599407142797
2020-05-27,0.00011345268780096963,0.0021378187495514774,0.0002718784160895539
2020-05-28,0.00011869163761908812,0.002142026115681758,0.000284316253048197
2020-05-29,0.00012450830724591692,0.0021508580088900812,0.00029510222447716667
2020-05-30,0.00013049075733959304,0.002159654145445739,0.0003085969001349019
2020-05-31,0.00013679328573722546,0.002163062946333162,0.00032175853838746103
2020-06-01,0.00014236307882467992,0.0021670319347790075,0.00033924522240857366
2020-06-02,0.0001486935961322995,0.0021695706571182418,0.0003572958497691178
2020-06-03,0.00015560685689913997,0.0021736469155220835,0.00037861468419912335
2020-06-04,0.0001627038397417939,0.002178342955905456,0.000396310071660813
2020-06-05,0.00016950083888253364,0.0021843858302058876,0.0004173313926755279
2020-06-06,0.0001769918194580844,0.002189236816084143,0.0004393562664045067
2020-06-07,0.00018478852505041855,0.0021928244002348924,0.00046035094442680753
2020-06-08,0.0001908470475661112,0.0021953750414583488,0.00048098150155278244
2020-06-09,0.00019818014198275978,0.0021995466509359646,0.0005048935872444258
2020-06-10,0.00020568619350984214,0.0022033368561184836,0.00053079945686839
2020-06-11,0.00021353026494984692,0.0022099518368615596,0.0005592053272805428
2020-06-12,0.000221753263171217,0.002213026908990773,0.0005592053272805428
2020-06-13,0.00023031428130550953,0.002217174680699945,0.0005879442350978716
2020-06-14,0.00023856885675866004,0.0022201186451027196,0.000641554376333751
2020-06-15,0.00024622418247234086,0.002222407070873297,0.0006612835122163826
2020-06-16,0.00025409983114412605,0.0022269124091091217,0.0006872115843340252
2020-06-17,0.0002633440657478499,0.0022310244241656283,0.0007110037765598053
2020-06-18,0.0002730942537244195,0.002237937377014248,0.0007329576023090131
2020-06-19,0.0002835118695545302,0.002247114917865002,0.0007622826559594519
2020-06-20,0.0002945660536707601,0.002254278167282279,0.0007842675651998096
2020-06-21,0.00030520973377384445,0.002262466440742627,0.0008041210350470403
2020-06-22,0.00031592661564151065,0.0022688668815697114,0.0008216432430580385
2020-06-23,0.00032738628012037583,0.002274862080333256,0.0008389256641373097
2020-06-24,0.00033953059639738964,0.002281858465371428,0.0008568830410244046
2020-06-25,0.0003519433191445372,0.002289367362431136,0.00086920542501592
2020-06-26,0.00036525742832614464,0.0022950526702049147,0.0008831397100484876
2020-06-27,0.0003795432550493592,0.0023032409436652625,0.0009012214209001816
2020-06-28,0.0003935082858042589,0.002306292178026033,0.0009170162749029997
2020-06-29,0.0004068008650551069,0.0023094149256921333,0.000929560683831299
2020-06-30,0.0004201788463646338,0.002315350530034569,0.0009479132651058695
2020-07-01,0.0004339292954762982,0.0023209047300819085,0.0009671805891199903
2020-07-02,0.00044893063356508326,0.002326899928845453,0.0009853289074527195
2020-07-03,0.0004652725686758197,0.002332215751208357,0.0009853289074527195
2020-07-04,0.0004831065279881819,0.0023372455203499393,0.0010003688766704719
2020-07-05,0.000500508453356639,0.0023400941336789395,0.0010293875359081485
2020-07-06,0.0005164772030008793,0.0023427043693235046,0.0010413369180058668
2020-07-07,0.0005328062201531602,0.0023473527341699905,0.0010545696042381968
2020-07-08,0.0005506609917319232,0.0023520845312060288,0.00106948523949135
2020-07-09,0.0005696834032222038,0.002357352678032046,0.0010817010515132089
2020-07-10,0.0005891421546425414,0.0023620606372996406,0.0010939213040338036
2020-07-11,0.0006096716612859793,0.002366565975535465,0.001105115801346456
2020-07-12,0.0006302915936386068,0.0023695218588224614,0.0011173404943657865
2020-07-13,0.000650743592531311,0.0023714169614137207,0.0011261282413636995
2020-07-14,0.0006718637369419149,0.002376327541713085,0.0011357419211264494
2020-07-15,0.0006953141375250436,0.0023805110700749225,0.0011452667909144856
2020-07-16,0.0007204144484687003,0.0023868757542493415,0.0011452667909144856
2020-07-17,0.000745713552439702,0.0023938244637506266,0.0011630421073534176
2020-07-18,0.0007734850101262405,0.0024001295535039367,0.0011700536548570582
2020-07-19,0.0008024965918245199,0.002402537168116732,0.0011771007263505842
2020-07-20,0.0008291449047897768,0.00240550497028795,0.0011815989515698293
2020-07-21,0.0008562295576850907,0.0024117266278517076,0.0011875136958857566
2020-07-22,0.0008890411721624026,0.002417137801288386,0.0011953422951567626
2020-07-23,0.000924429201687255,0.0024239196464105666,0.0012007108581282013
2020-07-24,0.0009595344714548007,0.0024336335370513,0.0012073138797481593
2020-07-25,0.0009944208535929593,0.002442942185628493,0.0012127579311981044
2020-07-26,0.0010302904359024633,0.0024465774453161296,0.0012127579311981044
2020-07-27,0.001062195640294805,0.0024506298659515272,0.0012179799577112654
2020-07-28,0.001099224250543523,0.0024581745196639005,0.0012221362645278631
2020-07-29,0.0011353184617972833,0.002466327036471583,0.0012268565146838922
2020-07-30,0.0011731989396397146,0.002477077870039609,0.0012318032302754411
2020-07-31,0.0012171501402919354,0.002487447299312539,0.0012358130006337614
2020-08-01,0.0012564314989624442,0.002498829833744318,0.0012358130006337614
2020-08-02,0.0012944476153686597,0.0025016903659575403,0.0012420030558713008
2020-08-03,0.001331802045236203,0.0025077570780264154,0.00124538671590789
2020-08-04,0.0013694858830443652,0.002518233777257341,0.00124538671590789
2020-08-05,0.0014098774684777001,0.002527065670465664,0.0012483840525544748
2020-08-06,0.0014547587621387265,0.0025395209044774014,0.001251612295135315
2020-08-07,0.001498921673776748,0.0025531918646797586,0.0012550847651466178
2020-08-08,0.0015451385408092155,0.0025665648527765715,0.0012588236650820613
2020-08-09,0.0015896796615642436,0.0025731798335196475,0.0012616389412804833
2020-08-10,0.0016281471888520476,0.002578376467040334,0.0012640323700990155
2020-08-11,0.0016718981611482061,0.0025898901091985526,0.001266390274927662
2020-08-12,0.0017199809555131541,0.0026045026612544287,0.0012696318390047095
2020-08-13,0.001766308342856853,0.0026217254489548695,0.0012729755345526775
2020-08-14,0.0018127641921207496,0.0026389959121921975,0.001275755286761214
2020-08-15,0.0018587162410048765,0.0026558611333659856,0.0012790723393167676
2020-08-16,0.001900133368806717,0.0026633104360045843,0.0012842588418400433
2020-08-17,0.001939617826490723,0.002669996930052991,0.0012842588418400433
2020-08-18,0.0019859588494572362,0.002686564179121235,0.0012869986295599588
2020-08-19,0.002035959960652846,0.0027045616942960905,0.0012897206552849312
2020-08-20,0.0020854070349635807,0.002724907229662632,0.0012919986311363358
2020-08-21,0.0021355545496883543,0.002741915477447081,0.001294796145339815
2020-08-22,0.00218524491221667,0.002766158487954138,0.001297398277598924
2020-08-23,0.002229315245152426,0.002775479055415553,0.0013022250997246096
2020-08-24,0.0022730748294208882,0.0027839533820972233,0.0013022250997246096
2020-08-25,0.0023141424546800683,0.0027991857161326307,0.001304223324155666
2020-08-26,0.0023756369605793994,0.0028179698776661217,0.0013063636445462645
2020-08-27,0.0024310880149145697,0.0028359316361883115,0.0013083396664836425
2020-08-28,0.0024859692437489748,0.002854656203300694,0.0013101824734589504
2020-08-29,0.0025424932063003213,0.002872284233064675,0.0013115989925556327
2020-08-30,0.0025988384704263645,0.0028816405571787554,0.0013127712842218526
2020-08-31,0.0026490182800472774,0.002888911076554028,0.0013137171104525525
2020-09-01,0.002705252306197731,0.0029034282775361295,0.001315049260073257
2020-09-02,0.002765452145594064,0.0029183983961186583,0.0013188902914796211
2020-09-03,0.0028252630109080108,0.0029340240533333836,0.0013211016598499905
2020-09-04,0.002887292176754534,0.0029513421921075985,0.001323379635701395
2020-09-05,0.0029523355329073714,0.002967766414565182,0.001323379635701395
2020-09-06,0.003017500892001179,0.002979542272176279,0.001327278393591323
2020-09-07,0.0030719063093658013,0.0029892442439327905,0.0013287437581740978
2020-09-08,0.0031362851083225323,0.0030071106513812063,0.001330635410635498
2020-09-09,0.003204990705697542,0.003021127259225994,0.0013322828356664357
2020-09-10,0.003274281917189208,0.003043677788173561,0.001333797045735303
2020-09-11,0.0033443044286623337,0.0030613654123586506,0.001336390296996941
2020-09-12,0.0034120318495165086,0.0030807931936401166,0.0013387259993319091
2020-09-13,0.0034781079246814384,0.0030920922958823436,0.0013411194281504413
2020-09-14,0.003538254656915232,0.0031031411015559137,0.0013429133896396565
2020-09-15,0.0036029327219095184,0.003119910971655928,0.0013458663212988847
2020-09-16,0.003673187756634846,0.0031425687705614906,0.001348286393109831
2020-09-17,0.003742387824752963,0.0031687188025440287,0.001351625648159063
2020-09-18,0.0038093724629959394,0.0031915553847129178,0.0013544897698435775
2020-09-19,0.003875831770928386,0.003218933061770297,0.0013573316890344135
2020-09-20,0.003938240581220633,0.003234963961048562,0.0013601425247340997
2020-09-21,0.003992124974260878,0.003245953172301023,0.0013627268949982661
2020-09-22,0.004051940145560977,0.003267657460468845,0.0013650892403256486
2020-09-23,0.004114023853898757,0.003288741966657136,0.0013686371988154578
2020-09-24,0.004175780307288994,0.003314284135544364,0.0013721807168065314
2020-09-25,0.004237041572271765,0.0033399454932738102,0.001374694039090927
2020-09-26,0.004300626634447834,0.0033698261360177585,0.0013777757452134898
2020-09-27,0.004359597114797806,0.0033866317627704377,0.0013802890674978854
2020-09-28,0.004410256324210294,0.003400839072762774,0.0013832864041444701
2020-09-29,0.004468008210479284,0.003425737621902027,0.001386603456700024
2020-09-30,0.00453031654776132,0.003447167775732749,0.001389014647513499
2020-10-01,0.004588794710361261,0.00347700074293981,0.0013917899592232998
2020-10-02,0.00464583180292904,0.0035088599204645705,0.0013942455550241314
2020-10-03,0.0047002515735808355,0.0035394080207249374,0.001397051950225082
2020-10-04,0.004753675943767188,0.0035665711578663248,0.001397051950225082
2020-10-05,0.004797645086028375,0.003583043055860795,0.0014019853443204239
2020-10-06,0.004849352085404488,0.0036144969913220154,0.001404756215531489
2020-10-07,0.004905705961502835,0.0036482035959011483,0.001407345026294391
2020-10-08,0.004956298428129969,0.0036965704280730437,0.0014102801959586765
2020-10-09,0.005008883131016706,0.003750396109218505,0.0014132597706103184
2020-10-10,0.0050622651590058985,0.0038066651616294263,0.0014162171427682822
2020-10-11,0.005110156336987088,0.003848178635373811,0.0014179267347815194
2020-10-12,0.005149873317923295,0.003877582522748889,0.0014202846396101662
2020-10-13,0.005195451463676567,0.003926712163510977,0.0014230155463326101
2020-10-14,0.005244043082071795,0.003987879877337041,0.0014263681228780494
2020-10-15,0.005289522190143574,0.004066997430801074,0.0014292944115448633
2020-10-16,0.005334169525223682,0.00415441052768345,0.00143184769831788
2020-10-17,0.0053785721367574915,0.004247735391139818,0.0014343654611010113
2020-10-18,0.005418561830149984,0.004314326197286783,0.0014362881970535612
2020-10-19,0.005452141345491048,0.004365875371545888,0.0014388725673177276
2020-10-20,0.0054909267980897325,0.004447734268380925,0.0014420253214200613
2020-10-21,0.005531000458212186,0.00453825819404518,0.0014452935284895228
2020-10-22,0.005570016998734355,0.0046727866402561675,0.001448561735558984
2020-10-23,0.005608318745555312,0.004806778736677175,0.001452322837988106
2020-10-24,0.005644294542189896,0.0049821531991161285,0.001456017332936193
2020-10-25,0.005676695652654062,0.005115358649178501,0.0014591567655423195
2020-10-26,0.005702868871813894,0.005218874158644473,0.001462589271065001
2020-10-27,0.00573436931350796,0.005354856708730515,0.0014662526825219382
2020-10-28,0.005770167129381599,0.005533210892224908,0.0014702846553739366
2020-10-29,0.005805080065101028,0.005733138256160683,0.001475071513011001
2020-10-30,0.005839720288364171,0.005955794932307352,0.0014786549954906958
2020-10-31,0.0058734239596392795,0.006182956946689846,0.0014829933627554563
2020-11-01,0.005905884636245214,0.006351930968301715,0.0014879800428356264
2020-11-02,0.005933378357824956,0.006496113710732327,0.0014931621048601663
2020-11-03,0.005966572487405427,0.006679092421304762,0.0014989924797001158
2020-11-04,0.0060026064148530605,0.006884264094298112,0.0015047740090539726
2020-11-05,0.0060367945095702565,0.007122522589891063,0.00151088413531427
2020-11-06,0.0060729332160142525,0.007378850113964199,0.0015175537644152631
2020-11-07,0.006105711817931067,0.007657740085869125,0.0015239303205997015
2020-11-08,0.0061386547649860115,0.007848644854449029,0.0015312571435135754
2020-11-09,0.0061659784001127545,0.008007916904304387,0.0015385262399438856
2020-11-10,0.006197757295577974,0.008190657237192388,0.0015461106117844292
2020-11-11,0.006232137006678929,0.008411001649800035,0.0015541390334985407
2020-11-12,0.0062643450654306185,0.008671619972193005,0.0015643699425855503
2020-11-13,0.006296413179632373,0.008952214344541642,0.0015739836223483002
2020-11-14,0.006325909184772739,0.009219924403046557,0.0015848317607595694
2020-11-15,0.006347832395600668,0.009421913733952698,0.001594281142069099
2020-11-16,0.006368761641291872,0.00955092373676901,0.0016033841644772454
2020-11-17,0.006396475685829719,0.009722782128362546,0.001613588430571841
2020-11-18,0.0064291839566393855,0.009932089654180845,0.001624898380851621
2020-11-19,0.006462111832742798,0.010201563707550581,0.001637056466389916
2020-11-20,0.006495290891371737,0.010483421481626724,0.0016496808042954579
2020-11-21,0.006527735779361781,0.010757126738895185,0.0016615147334260482
2020-11-22,0.0065593553533393805,0.010944741895429884,0.0016737527479415858
2020-11-23,0.006586608657358977,0.011074228653615067,0.001686869981206788
2020-11-24,0.006618455730938268,0.011235777210356781,0.0017002314419024527
2020-11-25,0.006650383900590086,0.011457861780060806,0.001714911730722615
2020-11-26,0.006681302316489289,0.011723271493910923,0.0017287350032867905
2020-11-27,0.006710957643117274,0.011995093567472345,0.00174225632193694
2020-11-28,0.006740963189952279,0.012253673760663393,0.001754818492860182
2020-11-29,0.006768788472465715,0.012427820578027505,0.001767425068770781
2020-11-30,0.006791120751978073,0.012560942595900326,0.0017783398146630853
2020-12-01,0.006817390138161965,0.012723087096853127,0.0017909019855863275
2020-12-02,0.006842903823776202,0.012928926227362894,0.0018064392906624763
2020-12-03,0.0068691667509808655,0.013191689948915782,0.0018209241975382683
2020-12-04,0.006895470585053972,0.013471175865031795,0.001834774113094858
2020-12-05,0.006921314396273187,0.013749100407314757,0.0018494632829124916
2020-12-06,0.0069449836844857026,0.01396086322328274,0.0018663149756144018
2020-12-07,0.006964049873501861,0.014107846903505463,0.001879125814466842
2020-12-08,0.006987072546127236,0.014275354902358057,0.0018922830122206655
2020-12-09,0.007009694044376128,0.01452344647743396,0.001906217297253233
2020-12-10,0.007030773999582648,0.014805673736920976,0.0019197474969008539
2020-12-11,0.0070523261779371575,0.01516175040304601,0.0019318656179505278
2020-12-12,0.007074038395443644,0.015500699632544374,0.0019468256581910378
2020-12-13,0.00709346628729656,0.015741461093823895,0.001957314116204717
2020-12-14,0.007109301551370092,0.015936477877460307,0.001968233302595757
2020-12-15,0.007128234972479901,0.016108491214548725,0.0019803603046429025
2020-12-16,0.007145466093731,0.016438978036249642,0.001991661373925211
2020-12-17,0.007161893430900415,0.016759870156152042,0.002004858536167656
2020-12-18,0.007179944124849089,0.017162454308510378,0.0020189748816483864
2020-12-19,0.00719905122073369,0.017535515384651416,0.0020305867858421926
2020-12-20,0.007216517018230066,0.017806920297265078,0.002038046823718137
2020-12-21,0.007230551662427755,0.018005286287367802,0.002045613433563738
2020-12-22,0.0072477397238173355,0.0182380382584503,0.002055124981855567
2020-12-23,0.0072654746454482045,0.018532911454096603,0.0020651427470032638
2020-12-24,0.0072820290092091,0.018916639931616117,0.00207469870028245
2020-12-25,0.0072980135474692304,0.019220964802450273,0.0020847342274250896
2020-12-26,0.007311456836235394,0.019393252273875793,0.002092962471582307
2020-12-27,0.007325825194359853,0.01955719652634608,0.0021017280160865416
2020-12-28,0.00733761785510113,0.0196880181995641,0.0021096143418411115
2020-12-29,0.007352365140006954,0.01984167645495101,0.0021191836166165046
2020-12-30,0.007368026011641335,0.020109362675687484,0.0021301738509873153
2020-12-31,0.0073824044170668155,0.02049734619487416,0.0021411107993732983
2021-01-01,0.00739609673536543,0.020770574696773753,0.002150808848612026
2021-01-02,0.007409141720412545,0.020921825337547866,0.0021608976617394937
2021-01-03,0.007420986052987644,0.021044768628295303,0.0021693124068436096
2021-01-04,0.007432737806860479,0.02116213388122696,0.002177958057881981
2021-01-05,0.007445718919779674,0.02130393284681322,0.0021873630342041537
2021-01-06,0.007460320518820693,0.021557054191030704,0.0021983799115673787
2021-01-07,0.00747333823262218,0.02187160546452713,0.0022091925259887625
2021-01-08,0.00747333823262218,0.022251210008105916,0.0022181046069512747
2021-01-09,0.007499796364532395,0.022545534935078018,0.0022309776127860145
2021-01-10,0.007511502187886276,0.022747512347099933,0.0022393124289128885
2021-01-11,0.007520533276175482,0.022896462643219248,0.0022500051498684087
2021-01-12,0.007531992940654347,0.0230490481990262,0.00225943232868426
2021-01-13,0.007544154480875968,0.023282658329772665,0.0022731845532686645
2021-01-14,0.007555342868227265,0.023582585132328995,0.0022839172387128064
2021-01-15,0.007566221224575627,0.023849186734601287,0.002294716531637983
2021-01-16,0.007577089533622967,0.024071807654095292,0.002305911028950635
2021-01-17,0.007586984689799983,0.02423726560486174,0.002314436786523143
2021-01-18,0.00759419721660438,0.02432237835708932,0.0023224296842473693
2021-01-19,0.007604112467383438,0.02445788415180649,0.0023302982480069966
2021-01-20,0.007615052542866643,0.02464827640836486,0.0023407911465194112
2021-01-21,0.007625490970963154,0.024891397808720288,0.002348539816813175
2021-01-22,0.007635721994060017,0.025104292918689337,0.002357096657876833
2021-01-23,0.007646378592121557,0.025299965240957945,0.0023641748128615087
2021-01-24,0.0076558539146487645,0.02544605500486404,0.0023714083853019334
2021-01-25,0.0076623860956411645,0.02552625717679225,0.002379725439433864
2021-01-26,0.007671492538688028,0.025602681062422163,0.0023866659389577337
2021-01-27,0.007679864811095997,0.02575998649638093,0.002395147291542885
2021-01-28,0.007693396372578274,0.025969198671125456,0.002402447471464345
2021-01-29,0.007702784857718086,0.026136325265682953,0.002412141080204337
2021-01-30,0.007712146071612269,0.02628317783817924,0.0024192414376826912
2021-01-31,0.007720353281217749,0.02641657399038916,0.0024264128431408165
2021-02-01,0.00772655031295466,0.02648341509310478,0.0024318302515983475
2021-02-02,0.007734472609809757,0.02655628715123661,0.0024379759018485305
2021-02-03,0.007743729762371937,0.026671959922608776,0.0024446721739419374
2021-02-04,0.007752634541734021,0.026841339186284188,0.0024504537032957944
2021-02-05,0.007761040544366845,0.026995188143818644,0.0024561641846698808
2021-02-06,0.007769694858867762,0.02712015764488378,0.0024621410959681073
2021-02-07,0.007778185545894907,0.027222850751338453,0.002466745893157009
2021-02-08,0.007784723468202176,0.027276902891284125,0.0024712219158825755
2021-02-09,0.007792665859659315,0.02731717680106945,0.002475982130527226
2021-02-10,0.0078019402361661026,0.02741338603450748,0.002482651759628219
2021-02-11,0.0078086209736807416,0.027535399652285623,0.0024882911930225343
2021-02-12,0.007817335571987783,0.027652919850712162,0.002493895102426964
2021-02-13,0.007826086771177118,0.02775249020950073,0.0025001295626518602
2021-02-14,0.00783444684329099,0.02782536226763256,0.002504783205326854
2021-02-15,0.007840992659906202,0.027878115249198063,0.002504783205326854
2021-02-16,0.007849324743110087,0.027924074466757164,0.002513273438909477
2021-02-17,0.00785856897771381,0.028014133555936772,0.0025189217533012633
2021-02-18,0.007868037123597432,0.02813578960718826,0.002524450174227186
2021-02-19,0.007878079400967972,0.028244406399101144,0.0025304004425329993
2021-02-20,0.007888316165379702,0.02835363105410934,0.002536297424853984
2021-02-21,0.007898506281608124,0.028445120409395556,0.0025414484033873743
2021-02-22,0.007906102041180037,0.02849719401456042,0.0025461109270598394
2021-02-23,0.007915964184796554,0.028543475041993508,0.002551421763547714
2021-02-24,0.007927976450831577,0.028638909547957128,0.002557465282326976
2021-02-25,0.007939873172904857,0.02878037478478518,0.002564308090878661
2021-02-26,0.00795170602285022,0.028899527870350095,0.0025701473467160817
2021-02-27,0.007963728336186263,0.029015880018122903,0.0025753693732292427
2021-02-28,0.007974859310388868,0.029109920014632577,0.002581550547469311
2021-03-01,0.007983676534699198,0.029166320174769937,0.0025867148474989082
2021-03-02,0.007994433605770948,0.02921331633525633,0.002592878259744034
2021-03-03,0.008006925989261905,0.02932081275205237,0.0025996233773235337
2021-03-04,0.008019010021732793,0.029462790500901954,0.0026066349248271745
2021-03-05,0.008032131796866283,0.02958889229596816,0.002614245939660132
2021-03-06,0.008045590874248337,0.029702801072475506,0.0026221500274096446
2021-03-07,0.0080589387136548,0.029799379791324413,0.0026292193013968492
2021-03-08,0.008069982132805652,0.029859105320159646,0.0026352272961862257
2021-03-09,0.008082843395776952,0.029909784415870562,0.0026431580269281525
2021-03-10,0.008099244897029456,0.030018794530962765,0.0026531846730733204
2021-03-11,0.008115955711620538,0.030189902032850328,0.0026651784601583956
2021-03-12,0.008133812636192377,0.030342868992952375,0.0026755603462024183
2021-03-13,0.008151983897753302,0.030493928931578942,0.002687389834834273
2021-03-14,0.008170852011406474,0.030622533692331717,0.0026973942784857628
2021-03-15,0.008188429046878441,0.030701246003732207,0.0027085443708110583
2021-03-16,0.008209171699836397,0.030766561489267444,0.002718983983338645
2021-03-17,0.0082349150380454,0.030926691698786767,0.0027345035264198505
2021-03-18,0.008263424972356987,0.03113531984820443,0.002749818806559215
2021-03-19,0.008292815480836631,0.03134368578216921,0.0027670301796587156
2021-03-20,0.00832428219230584,0.03153478125289666,0.0027833134885224585
2021-03-21,0.008357977251608644,0.03169846328991407,0.002799605678383673
2021-03-22,0.008387196955970932,0.0317903459683796,0.0028141261092493506
2021-03-23,0.008421115208889277,0.031879558816779466,0.002828784195575834
2021-03-24,0.00845949302813225,0.03206803213297813,0.002846306403586832
2021-03-25,0.008501919909686706,0.03233807829279051,0.002865702502064288
2021-03-26,0.008546600257327312,0.03259520438210651,0.0028855426504153115
2021-03-27,0.00859160785991546,0.032839207779894346,0.002906710507888304
2021-03-28,0.008640423389590585,0.03304392653528727,0.0029268037646672613
2021-03-29,0.008680764020854456,0.03316158976032447,0.0029449387615037835
2021-03-30,0.008719144710754865,0.033275403185758036,0.0029660622139894193
2021-03-31,0.008771053373815755,0.033478632080623245,0.0029881492547006974
2021-04-01,0.008829518618457242,0.03376826096721197,0.003011390825083253
2021-04-02,0.008893483325079034,0.03402914150505782,0.0030323633006118754
2021-04-03,0.008960404808858449,0.034245218957114076,0.003054654604264995
2021-04-04,0.00903472469451115,0.03439058166908265,0.003073850880299345
2021-04-05,0.00910432521934139,0.034491856428314926,0.003091404171801493
2021-04-06,0.009187384821553686,0.03457391794618173,0.0031091839287391604
2021-04-07,0.0092783767679221,0.034689256988795686,0.003132847346501606
2021-04-08,0.009373085498003945,0.034932485659109114,0.003156435275785544
2021-04-09,0.009477422413121389,0.03523598812693197,0.00317925499878821
2021-04-10,0.009587138222606886,0.03552319748002368,0.0032016795174034003
2021-04-11,0.009708360344754561,0.03573600915780318,0.003222034763607763
2021-04-12,0.00982443250746459,0.03589387477932037,0.0032412088371484345
2021-04-13,0.009956749720596939,0.036022717917757574,0.003261204402955207
2021-04-14,0.01010081294628725,0.03628127427318018,0.003285160893634207
2021-04-15,0.010256799447632116,0.036631999360289644,0.0033089797288524013
2021-04-16,0.010425229531291548,0.03693987605862189,0.003331075650561151
2021-04-17,0.010612822688655557,0.037223593178636626,0.0033582825863146698
2021-04-18,0.01080932062538165,0.03745225697243106,0.0033811600358008994
2021-04-19,0.010995315544218953,0.03758857325127531,0.0034053385514166835
2021-04-20,0.011207139920988297,0.03770310180976219,0.0034297568539641944
2021-04-21,0.011432948705450224,0.03799969132473643,0.0034557648550590796
2021-04-22,0.011671874241395132,0.03835151294919429,0.003481830582637528
2021-04-23,0.01192075019367267,0.03867979477731418,0.003508065049167933
2021-04-24,0.012171710960912078,0.03895860131702956,0.00353298068757384
2021-04-25,0.012425040020535018,0.03918235453052463,0.003554406093973502
2021-04-26,0.012656862114658043,0.0393242726849531,0.0035743306118005036
2021-04-27,0.012915886558631202,0.03945509435817112,0.0035978297311097286
2021-04-28,0.013188102391180638,0.039720063073305036,0.003622163664181262
2021-04-29,0.013465519137337184,0.040014888593414455,0.003644863493718064
2021-04-30,0.013754015185862513,0.04030486312764561,0.0036657160757808233
2021-05-01,0.014035689834658908,0.040530547200384605,0.00368531643720012
2021-05-02,0.014299833378502292,0.040724705824357055,0.003704024258373545
2021-05-03,0.014556266336476376,0.04083388280382836,0.0037190198226039403
2021-05-04,0.014830518900475652,0.040923679677555086,0.0037190198226039403
2021-05-05,0.01512650592957653,0.04113862483561028,0.0037372835939037973
2021-05-06,0.015423753894955552,0.04140028010093054,0.003775005630663409
2021-05-07,0.01571159328059272,0.041620600675769746,0.0037932516399683236
2021-05-08,0.01600110267119246,0.04180754837478803,0.0038100633681816126
2021-05-09,0.0162641223526502,0.0419583937734986,0.003825369767323506
2021-05-10,0.0165009099664707,0.04204089629008161,0.0038390642654243467
2021-05-11,0.016750959299974624,0.042113899455939886,0.003851857342281844
2021-05-12,0.017011275539793348,0.04229159810080208,0.0038663555706538433
2021-05-13,0.017257537758476695,0.04249921314506089,0.003877532305971553
2021-05-14,0.01749156667050256,0.042634325616598745,0.003884330709535881
2021-05-15,0.017714882288982547,0.0427284132886453,0.0038948946560280664
2021-05-16,0.017916822992204616,0.04282972380453025,0.003909246347941788
2021-05-17,0.01810595123363177,0.042894228805938406,0.003920640667697546
2021-05-18,0.018297807317286138,0.04294439538962779,0.003935098931580924
2021-05-19,0.018495961623351986,0.043075979871436,0.003953780109761935
2021-05-20,0.018682232125303008,0.043222558309595184,0.003967412440880476
2021-05-21,0.01886688644711836,0.04332707500533579,0.003985205519314351
2021-05-22,0.019039730166583467,0.04341148454339428,0.003998900017415192
2021-05-23,0.019199277718475936,0.043491507932059165,0.004012430217062813
2021-05-24,0.019340246375451765,0.043523474379541925,0.004022434660714303
2021-05-25,0.019490181530924522,0.0435462513672897,0.004034530579270298
2021-05-26,0.019641822574577784,0.04357755035725604,0.004046635378823765
2021-05-27,0.019775569375112555,0.043652794273348,0.004057656696685726
2021-05-28,0.019900292264001706,0.04374075563890458,0.004068558121081823
2021-05-29,0.02001910375156869,0.04380542750469184,0.004080534146171956
2021-05-30,0.020128715499722182,0.04385133904671405,0.004089934681995392
2021-05-31,0.02022022488209318,0.04387491459970469,0.004097798805256284
2021-06-01,0.020315522096949114,0.04389618980804053,0.004105982644426145
2021-06-02,0.02041179964131896,0.043954794961758914,0.004114987975862106
2021-06-03,0.02050679256648683,0.04401009858454787,0.00412339383996875
2021-06-04,0.020593291933970116,0.044047821853109737,0.0041319329190374655
2021-06-05,0.020675435796460778,0.044075163773514454,0.00413916649147789
2021-06-06,0.020747658666857516,0.04410424585101554,0.004145782834594055
2021-06-07,0.02080973519855171,0.04411755924469125,0.0041519240443455025
2021-06-08,0.020876188047504927,0.044131909581294246,0.004156888521931994
2021-06-09,0.020943263111457094,0.04417069363055185,0.004162674491784587
2021-06-10,0.021009497072780926,0.04420867911456659,0.00416846046163718
2021-06-11,0.02107001914347429,0.04423776119206768,0.004173762417127583
2021-06-12,0.021128030824241112,0.04426053817981546,0.004179264195061092
2021-06-13,0.021178569466041346,0.044278285398421664,0.004183789063272751
2021-06-14,0.02122196734747305,0.0442848288658594,0.004187510201213252
2021-06-15,0.021266623294525465,0.04429259997837199,0.004192119438900889
2021-06-16,0.02131485608074137,0.04430994195491465,0.004197088356986116
2021-06-17,0.021359695749869595,0.04432579407092959,0.0042017197971674315
2021-06-18,0.021403296012650435,0.044338618790352204,0.004206120331414492
2021-06-19,0.02144508273759698,0.04435182491406991,0.004206120331414492
2021-06-20,0.02148344117990227,0.04436186061458463,0.00421481038744022
2021-06-21,0.02151404238815495,0.04436598454852536,0.004217754438101976
2021-06-22,0.0215505341854634,0.04437140764084626,0.00422188410192616
2021-06-23,0.02158933757967105,0.04438351722721556,0.004226755329039203
2021-06-24,0.021626417144089232,0.0443955314625111,0.004231382328721782
2021-06-25,0.021661365963026594,0.04440475667889874,0.004235534195039644
2021-06-26,0.02169727788753326,0.04441181265835802,0.004239535084400493
2021-06-27,0.021730396662356072,0.04441822501806933,0.004243593700244906
2021-06-28,0.02175735644165298,0.04442083525371389,0.004246857466815631
2021-06-29,0.02179033383659714,0.044425650482939484,0.004251204715077863
2021-06-30,0.02182534580999806,0.04443528094139066,0.004255809512266765
2021-07-01,0.021858801169405077,0.04444591258611647,0.004261480029152229
2021-07-02,0.021890458061929328,0.04445364794197639,0.004267696727382183
2021-07-03,0.021921368583520586,0.04446164551328919,0.004273149659829599
2021-07-04,0.021949928754337277,0.044468308169569155,0.004279131011626562
2021-07-05,0.02197483386057538,0.04447083497302417,0.004282816625577178
2021-07-06,0.022006219475972064,0.04447607928208174,0.004289552862159206
2021-07-07,0.022039154528719063,0.044487819383040174,0.004296773113103424
2021-07-08,0.022070296138233806,0.04449938070073528,0.004304956952273284
2021-07-09,0.022100987772195674,0.04451069172186173,0.0043130741839621095
2021-07-10,0.02213077514906565,0.04452203849964084,0.0043218663714587584
2021-07-11,0.0221574392506468,0.04453091806838605,0.00432989479317287
2021-07-12,0.022181054714032415,0.0445347797868739,0.0043377766784287045
2021-07-13,0.022208946739331208,0.044542479386081156,0.0043465688659253526
2021-07-14,0.022238897026010597,0.04456092981885644,0.004357869935207662
2021-07-15,0.022266849335115513,0.044580500626748565,0.0043682029757655914
2021-07-16,0.022294177276228407,0.04459785452217545,0.004381298006537116
2021-07-17,0.022323714188237215,0.044617020088004035,0.0043928743867410365
2021-07-18,0.022351103130820598,0.04463241928641855,0.004403762489640927
2021-07-19,0.02237269980436534,0.04463892699720363,0.004413287359428963
2021-07-20,0.022402852472393868,0.04465302703723797,0.004424739405668285
2021-07-21,0.02243255157654773,0.044679284339178504,0.004434322001939885
2021-07-22,0.02245791527031101,0.04470181103035763,0.004440649712638231
2021-07-23,0.02248597379374101,0.04472670957949688,0.004440649712638231
2021-07-24,0.02251449521068233,0.04474958191831843,0.004461342436746505
2021-07-25,0.02254274319750301,0.04476611341073401,0.004478003188002781
2021-07-26,0.022564049934646863,0.04477753170181845,0.004492488094878573
2021-07-27,0.02259537885455921,0.04479594637794107,0.004510778509170844
2021-07-28,0.022626603713139556,0.0448289378494669,0.004530747431985203
2021-07-29,0.022658346007722485,0.044866386983691664,0.004550893974748988
2021-07-30,0.022688236010595747,0.04489563592557186,0.004572874443490611
2021-07-31,0.022718256628382286,0.04492424124770408,0.004595192390136144
2021-08-01,0.022747059369752198,0.044949235147917106,0.0046167643329940835
2021-08-02,0.022768983298244488,0.044959330442852934,0.004632670199465293
2021-08-03,0.022799573741531787,0.044980379192388564,0.00465363823449518
2021-08-04,0.022830420390995126,0.04502294152794446,0.004678775897837872
2021-08-05,0.022862459080958176,0.04506512245920526,0.004699846064338679
2021-08-06,0.022890181019803967,0.04510621877200189,0.0047208052183710944
2021-08-07,0.022918220166296282,0.045144430714816844,0.004740587640238554
2021-08-08,0.02294369653336387,0.04518170106577828,0.004758527255130707
2021-08-09,0.02296393753893513,0.04519580110581262,0.004775774152220092
2021-08-10,0.022991462120082296,0.04522535993868258,0.00479733721408056
2021-08-11,0.02302102630333673,0.04528490668425449,0.004819246634842411
2021-08-12,0.023049818997405623,0.04535210535349676,0.004839757298502523
2021-08-13,0.023077568925161402,0.04541858888968573,0.004861009525451493
2021-08-14,0.02310346440821444,0.045485859072233334,0.004877488216259607
2021-08-15,0.023127102119195175,0.045542211556833814,0.0048937804061208205
2021-08-16,0.02314516286044487,0.04556755110468927,0.00490808325254845
2021-08-17,0.02317040885725333,0.045614177779764786,0.0049257297945240475
2021-08-18,0.023196532557572418,0.0457133905720267,0.004945148095495181
2021-08-19,0.023222778260832473,0.045813509199489476,0.004959530870900053
2021-08-20,0.023247506821638352,0.045924116445067394,0.004973225369000894
2021-08-21,0.02326971709820974,0.046020564056189865,0.004990285765143381
2021-08-22,0.023287710379009723,0.04610459218995326,0.00500703532637437
2021-08-23,0.02330598713723137,0.04614831065727867,0.0050251303587222716
2021-08-24,0.023332966293465963,0.04621680848490112,0.005043776012913397
2021-08-25,0.02336609655091851,0.04635460270538887,0.0050639936036569536
2021-08-26,0.023398146005846943,0.046505090537572784,0.0050814447636881805
2021-08-27,0.023431703273592886,0.04664846279587632,0.005100232513838848
2021-08-28,0.02346405773587374,0.0467712630600131,0.005117590423396626
2021-08-29,0.023494851995838898,0.04687157238962342,0.005134464318592214
2021-08-30,0.023517057248759778,0.046925910582790414,0.005151506952739759
2021-08-31,0.02354717403357037,0.046994444167065524,0.005167355092727405
2021-09-01,0.023580970283547744,0.04715571858947014,0.005185423482082892
2021-09-02,0.023613517797541075,0.047319186086571555,0.00520239062775193
2021-09-03,0.023644103217177866,0.04748904210561583,0.00520239062775193
2021-09-04,0.023674794851139738,0.047618183216158586,0.0052367023614825385
2021-09-05,0.023702746442580296,0.047742771312928624,0.005252745883414555
2021-09-06,0.023725153359185954,0.047799374094097756,0.005267470577222074
2021-09-07,0.023752334896769683,0.047879540509373306,0.005284797403288702
2021-09-08,0.0237833832099178,0.04804122017384146,0.005302834709153039
2021-09-09,0.02380848208553274,0.04822514047626741,0.005319215708988967
2021-09-10,0.02383243485116692,0.048379716485739396,0.005334668644589137
2021-09-11,0.02385295359284498,0.048513374853402194,0.00534866953710274
2021-09-12,0.023872512817275527,0.04860091905801101,0.005361937747324956
2021-09-13,0.02389074436264258,0.04866660402895712,0.005373367591070599
2021-09-14,0.023910247609253154,0.048741990971659745,0.005385476831122802
2021-09-15,0.023932186608696972,0.048890440674641746,0.005398851613314674
2021-09-16,0.023956876415627486,0.04904449225320797,0.005411853393612749
2021-09-17,0.023982469761985533,0.049175862195100194,0.005423007926436779
2021-09-18,0.024004554447294157,0.04928195218355806,0.005434464413174837
2021-09-19,0.02402626810012936,0.04936940103709311,0.005444086973935058
2021-09-20,0.024045009904855412,0.049413929988545595,0.005452510600036646
2021-09-21,0.024064361006621952,0.04946951966455588,0.00546287028358699
2021-09-22,0.02408727100594302,0.04959411968021014,0.0054733365391069905
2021-09-23,0.02410979274884606,0.04972160406584607,0.0054832521727837666
2021-09-24,0.02413104709649173,0.04983753905267111,0.00549239960017927
2021-09-25,0.024151375657114747,0.04992348612679421,0.005500303687928782
2021-09-26,0.024170064354678257,0.05001614353273416,0.005508105644207374
2021-09-27,0.024183552856299015,0.050052162400852314,0.005514322342437328
2021-09-28,0.024197095182746674,0.05010187606694127,0.005521249520464991
2021-09-29,0.024213981107441263,0.050242280523073585,0.005528984869262547
2021-09-30,0.024233162122754805,0.05038709496636795,0.005535250412978593
2021-10-01,0.02425064012054528,0.0505076902369237,0.005542639402874768
2021-10-02,0.024267033009825478,0.050609203373840415,0.005549992868781055
2021-10-03,0.024281959710820963,0.05068267137618333,0.005556609211897221
2021-10-04,0.02429512598114469,0.05071947689066013,0.005562417384243491
2021-10-05,0.024308641754011078,0.050776675616040344,0.005567799268711137
2021-10-06,0.024324739683239876,0.05091430297214899,0.005574251313374082
2021-10-07,0.02433999507451162,0.051053086460027146,0.0055783010482210234
2021-10-08,0.0243541617689513,0.05117738850357586,0.005582541724513599
2021-10-09,0.02436719885969047,0.05128291830447531,0.005586214016968007
2021-10-10,0.024380211549841446,0.05137364485117134,0.00559040584777449
2021-10-11,0.02439048347980675,0.051410724499985225,0.005593465351403375
2021-10-12,0.02440183908295361,0.05146997327345159,0.0055979991006125055
2021-10-13,0.02441546537613123,0.05161184375234318,0.0056025106473279575
2021-10-14,0.024427566632546725,0.05175942337677699,0.005607333028954907
2021-10-15,0.024439035626662255,0.0518967050852432,0.00561129839432587
2021-10-16,0.024449187706679667,0.05202720494858724,0.0056144955534155605
2021-10-17,0.024458945071299823,0.052130684701400545,0.005617439604077318
2021-10-18,0.024468316332495025,0.052179027695803994,0.005620117224814933
2021-10-19,0.024478810738411513,0.05225973046086952,0.005622577261114501
2021-10-20,0.02449205451648597,0.052462530275902745,0.005625339251328095
2021-10-21,0.024503383566051563,0.052654150177535955,0.005627857014111225
2021-10-22,0.024515100154370823,0.05288742657952421,0.005630308169413322
2021-10-23,0.024526515323659452,0.05306793808106274,0.005632932504166109
2021-10-24,0.024536782229974248,0.05323160819919592,0.005636031972283614
2021-10-25,0.024545701362623504,0.05330995102518554,0.0056385719375604245
2021-10-26,0.024555354665911657,0.05343477749964002,0.005640863234908036
2021-10-27,0.02456694925128995,0.05371143864019547,0.005643993786516691
2021-10-28,0.024577246299507804,0.054045608397120914,0.005646924515682241
2021-10-29,0.02458751822947311,0.05433962343310325,0.005649846363850319
2021-10-30,0.024596725863194543,0.054596391955892595,0.005653101249423574
2021-10-31,0.024605706714978644,0.05479766615374543,0.005655241569814172
2021-11-01,0.024613186930588817,0.054912778737559176,0.005657270877736378
2021-11-02,0.024621729289449782,0.055041657632649045,0.005659761997527095
2021-11-03,0.024630976394710943,0.05528477903300447,0.00566233748679379
2021-11-04,0.02464011154433215,0.055689413233448955,0.0056646243436426665
2021-11-05,0.024647954898107796,0.056131842215760626,0.005667142106425797
2021-11-06,0.024655724332454502,0.05653710811706886,0.005669233581330303
2021-11-07,0.024663961683963048,0.05681771440830171,0.005671227365262624
2021-11-08,0.0246712287532587,0.05700261205923385,0.005673003564756897
2021-11-09,0.02467945749279494,0.05726282513956328,0.005675463601056464
2021-11-10,0.024688852436913978,0.05773571878994577,0.0056782921987510926
2021-11-11,0.024697834724026795,0.058333999102341154,0.005680028433756744
2021-11-12,0.024706339046676757,0.058913733630887484,0.005681054188964686
2021-11-13,0.02471442784166306,0.059451048850488575,0.005681054188964686
2021-11-14,0.024721768830387653,0.05985030763414904,0.005683287759828734
2021-11-15,0.024728130924927053,0.060131676733972086,0.005684246907555641
2021-11-16,0.02473544894839217,0.060513653135511006,0.005685445842214276
2021-11-17,0.024744002789882875,0.061143280113409616,0.005687488471632689
2021-11-18,0.02475197317025,0.06192242949387018,0.005689344600104203
2021-11-19,0.024759366548472776,0.06255377279109672,0.005690761119200886
2021-11-20,0.02476689341226626,0.06331567554608841,0.005692150995305154
2021-11-21,0.02477298494734245,0.06382493371223148,0.005693585276396779
2021-11-22,0.024778424125516632,0.06419016408143882,0.005694984033498518
2021-11-23,0.024785086203757946,0.06473039942767425,0.005696538208056007
2021-11-24,0.024791630585044442,0.06552758207996234,0.005698150109097059
2021-11-25,0.024799201226363803,0.06643295244433133,0.0056992691147784505
2021-11-26,0.024805170758499022,0.06734372206325277,0.005701094159758816
2021-11-27,0.024811467545581785,0.06814377716663832,0.005702439630875728
2021-11-28,0.024817430618737778,0.0686729875449686,0.005703221158653207
2021-11-29,0.024822447092604717,0.06902297366125633,0.0057053303955526555
2021-11-30,0.024828873059272036,0.06956829837105444,0.005707168762029228
2021-12-01,0.024835881051734218,0.0703690805263775,0.00570884283005258
2021-12-02,0.024842495046463502,0.07124165012136821,0.005710579065058231
2021-12-03,0.024848669112940938,0.07212784300102439,0.00571249292001331
2021-12-04,0.024848669112940938,0.07289673022217003,0.005714144785542983
2021-12-05,0.024861013657574014,0.07339797889811608,0.0057156367931181715
2021-12-06,0.0248659095638287,0.07372975295931294,0.00571666698882485
2021-12-07,0.024871965933351316,0.07415953600546533,0.005718043543432911
2021-12-08,0.024878725613945406,0.07498910226618394,0.0057195977179904
2021-12-09,0.024884755429886753,0.07583070659996652,0.005720987594094668
2021-12-10,0.024890489568112337,0.07656119117614965,0.005722741591095262
2021-12-11,0.024896142610265393,0.07720119950220541,0.005724020454731138
2021-12-12,0.024901417443301446,0.07759030339650894,0.005725103936422644
2021-12-13,0.024905568413951855,0.07784945569614264,0.0057262140611065646
2021-12-14,0.024910580581832643,0.07821683146450989,0.0057278570456387665
2021-12-15,0.024916303237428487,0.07882828214397032,0.005729193635758207
2021-12-16,0.024921647683907328,0.07950380874500693,0.00573042365390799
2021-12-17,0.024921647683907328,0.08011129043602151,0.00573042365390799
2021-12-18,0.024926775395749858,0.08062157362620766,0.005733163441627906
2021-12-19,0.02493656720825923,0.08097136904034782,0.005734757580674015
2021-12-20,0.024940389488633377,0.08116309621193903,0.005735956515332649
2021-12-21,0.024944922974386947,0.08144233183148639,0.00573733306994071
2021-12-22,0.024950301868755003,0.08198653616616765,0.00573892720898682
2021-12-23,0.02495507433674,0.0825220158775986,0.005740357049579709
2021-12-24,0.02496023362581431,0.08294431386445972,0.005741924545633405
2021-12-25,0.024965247946688172,0.08320907995856186,0.005743518684679514
2021-12-26,0.02496993501261449,0.08332946068920162,0.005744739821831827
2021-12-27,0.024974497922606764,0.08349522853095782,0.005746143019432302
2021-12-28,0.024981096846384516,0.0837464786103525,0.005747688312992319
2021-12-29,0.02499053700335815,0.08422374649124437,0.0057498286333829175
2021-12-30,0.0250025679286665,0.08473351716940898,0.005752115490231793
2021-12-31,0.02501891273443467,0.08522505195471429,0.005754588848027567
2022-01-01,0.025038686540508455,0.08553961514709495,0.005757226504276562
2022-01-02,0.02506290771261277,0.08568877998313025,0.005760370377381425
2022-01-03,0.02508973328867461,0.08590949388114877,0.005763167891584904
2022-01-04,0.02513142743491889,0.08627374690184993,0.005767155459449546
2022-01-05,0.025196683219721887,0.08697591220912217,0.00577197340057776
2022-01-06,0.025280721716119375,0.0877427732199501,0.005777714965442995
2022-01-07,0.02538262000774614,0.08841422356258286,0.005783687436242487
2022-01-08,0.025497182204645575,0.08908035808285272,0.0057906679002549775
2022-01-09,0.025626162996174578,0.08951601713892643,0.005797990282670116
2022-01-10,0.02574677582128176,0.08981702855994694,0.00580450449431536
2022-01-11,0.02588651942519738,0.09036160238003908,0.005813714088693163
2022-01-12,0.02606408178782059,0.09132023823799511,0.005827119954376184
2022-01-13,0.026253690146703677,0.09229063803467802,0.005842959213366359
2022-01-14,0.026446622009231657,0.09338983329426125,0.005861991190947489
2022-01-15,0.026641254018625268,0.09431976847901127,0.005879873079356077
2022-01-16,0.026826475295283952,0.09494555757619048,0.005899144843868934
2022-01-17,0.02699729233060024,0.09535252787794242,0.005921498314504353
2022-01-18,0.027200369814166406,0.09623935245846237,0.005945796723586001
2022-01-19,0.027428251213296104,0.09757811729090293,0.005976027638978519
2022-01-20,0.02767746303249349,0.09916971741433966,0.006010121788271079
2022-01-21,0.027919821157065802,0.10084026822686132,0.006039162650002434
2022-01-22,0.0281591859035982,0.10245481220242494,0.0060728482734113114
2022-01-23,0.028378837127862943,0.10347316167033198,0.006104797661814538
2022-01-24,0.028562468777967222,0.10422873549780191,0.006133003709783585
2022-01-25,0.02876765906540524,0.10574189744417525,0.0061560765412141845
2022-01-26,0.028973186655091823,0.10769659445654363,0.006189553461182486
2022-01-27,0.029153470400963017,0.11011774892181475,0.006225890062336565
2022-01-28,0.029322503322683713,0.11238410091881368,0.006261249753768795
2022-01-29,0.029490638446291743,0.11463874857150683,0.006296587242707346
2022-01-30,0.029641289113130073,0.11605673822736942,0.006327883877796427
2022-01-31,0.029761181403221176,0.1169902014018491,0.0063515384145614
2022-02-01,0.02987700238340568,0.1189283669218019,0.006378390110416065
2022-02-02,0.030000751401760145,0.1214134304442701,0.0064043670280198
2022-02-03,0.03010796615095576,0.12422771738671169,0.00643278621992816
2022-02-04,0.030199792740973282,0.1271935886986856,0.006460037560669036
2022-02-05,0.030276923000254443,0.1297897004654479,0.006482120160881578
2022-02-06,0.030337117816000264,0.13137697403391216,0.006496942545661282
2022-02-07,0.03038562977365168,0.1325124503770664,0.0065093715016224536
2022-02-08,0.03043684589060648,0.1345335474934342,0.006528248061747835
2022-02-09,0.030484989686441914,0.13732554612238113,0.006545628173799291
2022-02-10,0.03052666947939902,0.1402797846033546,0.006561161038376704
2022-02-11,0.030562844786725305,0.14314236686466278,0.006574566904059726
2022-02-12,0.030595051410148278,0.14564281766666126,0.006588803143006319
2022-02-13,0.030619533094414782,0.14713458521585654,0.006600184141265871
2022-02-14,0.03063920355682092,0.1480459626978733,0.006611716116482435
2022-02-15,0.03066117485116088,0.14994365168700902,0.006622661945865888
2022-02-16,0.030683248053839766,0.15256547248703764,0.006635406177237294
2022-02-17,0.03070184991401588,0.1553738715006737,0.006646063374202929
2022-02-18,0.030717832299282936,0.1579965981359032,0.006654868883195784
2022-02-19,0.030732162621196386,0.16025051873665883,0.006662169063117245
2022-02-20,0.030743681851817018,0.1616573284791214,0.006668208141397771
2022-02-21,0.030753302142544674,0.16253774069993004,0.006672475460682761
2022-02-22,0.03076414030968895,0.16403835206121786,0.00667794615512512
2022-02-23,0.03077429382503508,0.1665300186455449,0.006684407080785536
2022-02-24,0.030783742593981017,0.16910833551816415,0.00668938932036697
2022-02-25,0.03079199501644109,0.17162015693571017,0.006694749002340938
2022-02-26,0.030799367582397465,0.17371589010507463,0.006698510104770059
2022-02-27,0.030805118226903298,0.17500209265809724,0.006702311171687803
2022-02-28,0.03081008087594334,0.17574522317043964,0.006706134441099225
2022-03-01,0.030815502112508553,0.1772006500416428,0.006709531422632021
2022-03-02,0.03082021070836563,0.1794224015738839,0.0067129417256610235
2022-03-03,0.030824800889603533,0.1819333886695344,0.006717173520956128
2022-03-04,0.03082905018027108,0.1845268544439995,0.00672070815794973
2022-03-05,0.030832980110299026,0.18681778318026368,0.006724060734495169
2022-03-06,0.030836110562231442,0.1882109696380608,0.006727417751539344
2022-03-07,0.030838976196015517,0.18914574388980487,0.006729096260061432
2022-03-08,0.030842259510456323,0.19101461301689235,0.006732462158103078
2022-03-09,0.0308452622181329,0.19358735185169582,0.006735299636795178
2022-03-10,0.030848272102453063,0.19671906251873128,0.006738510117381076
2022-03-11,0.030850865741445212,0.1997325855298238,0.00674104564215915
2022-03-12,0.030853101983586755,0.2025583861144236,0.00674374990588918
2022-03-13,0.030854898297476445,0.20430577797352295,0.006745801416305064
2022-03-14,0.030856741259549448,0.20540682066016053,0.006747901772207042
2022-03-15,0.030858805262244916,0.20777734370525763,0.0067500909380837325
2022-03-16,0.03086062741205152,0.21090715926970183,0.006752373354433873
2022-03-17,0.030862441667550176,0.21442240771210927,0.006753185965702502
2022-03-18,0.030863930821094367,0.2179723877831389,0.006756276552822536
2022-03-19,0.030865194628029946,0.22107414629412508,0.006757941739848417
2022-03-20,0.03086630629012149,0.22264495988347907,0.006759287210965329
2022-03-21,0.030867440917472507,0.2237452397615265,0.0067602996446770635
2022-03-22,0.03086871692470218,0.2263921855694946,0.00676226678561697
2022-03-23,0.030870107758229237,0.22977395442750256,0.0067631992903514635
2022-03-24,0.030871317022673556,0.23356877221821556,0.006764660214435503
2022-03-25,0.03087250834550891,0.23710269755219848,0.006765499468696546
2022-03-26,0.030873528146562548,0.2401065662670714,0.006766876023304608
2022-03-27,0.03087443958029803,0.24143223224575222,0.006767701956069444
2022-03-28,0.030875343119725562,0.24223676884960516,0.0067688964502293425
2022-03-29,0.030876227999879775,0.24506573985740795,0.006769757906984065
2022-03-30,0.030877107138719117,0.24826568613661298,0.006770841388675571
2022-03-31,0.03087806522063791,0.2545527426180957,0.006771640678447994
2022-04-01,0.030878969477729803,0.25455207516057926,0.006772564302185016
2022-04-02,0.03087975603786688,0.25689361147924905,0.006773829844324684
2022-04-03,0.030880411265426323,0.2582664524016796,0.006774513681129979
2022-04-04,0.03088098180859145,0.2582664524016796,0.00677520195843401
2022-04-05,0.03088176119208494,0.26041658335863216,0.006775859152246891
2022-04-06,0.030882502539367418,0.265383349278218,0.006776614037031957
2022-04-07,0.030883298429141157,0.26747228868357603,0.006777240147353688
2022-04-08,0.0308841237431536,0.2692681665636895,0.00677829698605278
2022-04-09,0.030884880161387615,0.26992931899035466,0.006778723273931405
2022-04-10,0.03088549807040041,0.27029628951665835,0.006779158442807502
2022-04-11,0.030886069331229893,0.27268533450783605,0.006779433753729114
2022-04-12,0.0308868501500521,0.2743378997240671,0.006779882244101418
2022-04-13,0.030887572838061254,0.27630890177005085,0.006780428425445907
2022-04-14,0.030888253901537613,0.27817854562461275,0.006780428425445907
2022-04-15,0.030888953624287292,0.2786263142670558,0.006781312084694307
2022-04-16,0.030889778938299736,0.27910049515693425,0.0067817428130716685
2022-04-17,0.03089134559959466,0.2793446177435643,0.006782089171973052
2022-04-18,0.03089224052704989,0.2796125900175221,0.0067824666143655845
2022-04-19,0.030893723939279215,0.28197947780293153,0.006782799651770761
2022-04-20,0.030895431980452793,0.28420026390555064,0.0067832570231405355
2022-04-21,0.030897190975795834,0.286127762024125,0.00678361226303939
2022-04-22,0.030899004513630132,0.2877377529859159,0.006783976383935716
2022-04-23,0.030900865417312105,0.28820472295084015,0.006783976383935716
2022-04-24,0.030902689002447425,0.28844410182154995,0.006784886686176531
2022-04-25,0.030902696896755368,0.29007458134531805,0.006784886686176531
2022-04-26,0.0309065715666277,0.29007458134531805,0.006784886686176531
2022-04-27,0.03090894201200431,0.29331371691584424,0.006784886686176531
2022-04-28,0.03091136556454346,0.29452479474161714,0.006784886686176531
2022-04-29,0.030914012310698145,0.2955652894964082,0.006784886686176531
2022-04-30,0.030916397827026286,0.2957049549817188,0.006784886686176531
2022-05-01,0.030918663493406533,0.2957530119229009,0.006784886686176531
2022-05-02,0.030920506455479536,0.29710606749752333,0.006784886686176531
2022-05-03,0.030922806569749,0.2983769900409737,0.006784886686176531
2022-05-04,0.030925156920523566,0.2995231933799275,0.006784886686176531
2022-05-05,0.03092770104067497,0.30053716861732516,0.006784886686176531
2022-05-06,0.030930431753559615,0.30139833184011566,0.006784886686176531
2022-05-07,0.030932908413261306,0.30149949932938996,0.006784886686176531
2022-05-08,0.030935209962859485,0.30153942759153285,0.006784886686176531
2022-05-09,0.030936851978912067,0.3028215181294989,0.006788781003567723
2022-05-10,0.030938931052559064,0.30397776908785173,0.006788781003567723
2022-05-11,0.03094095988970096,0.30503808494710355,0.006788781003567723
2022-05-12,0.030942998774143873,0.30586047603952066,0.006788781003567723
2022-05-13,0.030945049858880885,0.3065977662985944,0.00679026413014544
2022-05-14,0.03094683469014084,0.30667107935544247,0.00679026413014544
2022-05-15,0.030948414987058578,0.30669855238357363,0.006790637132039238
2022-05-16,0.030949541002437294,0.30772657998546876,0.006790637132039238
2022-05-17,0.030950853610549257,0.30858534751253064,0.006791614041761088
2022-05-18,0.0309525501690931,0.30928521247514806,0.006792009246148563
2022-05-19,0.03095417137287928,0.3098681651024343,0.006792368926546153
2022-05-20,0.030955838507184415,0.3103732278213313,0.0067926797614576515
2022-05-21,0.03095743602804676,0.31041879371571107,0.006792750809437422
2022-05-22,0.030958887145379945,0.31043363272656715,0.0067932392642983475
2022-05-23,0.03096008923318068,0.3112016498691646,0.0067932392642983475
2022-05-24,0.030961613552278444,0.31178735575870603,0.006793918660604906
2022-05-25,0.030963499574212964,0.312260595056731,0.006794256138508818
2022-05-26,0.030965444444624898,0.31228266883030964,0.006794606937908937
2022-05-27,0.030967371373427862,0.3127591381459587,0.006795006582795148
2022-05-28,0.030969400928234116,0.3127914740788523,0.006795228607731932
2022-05-29,0.030971342927988612,0.31280047283643975,0.006795441751671245
2022-05-30,0.030973020827259126,0.3135381206620401,0.006795681538602972
2022-05-31,0.03097499081592361,0.3141931467822153,0.006795974611519527
2022-06-01,0.030977654786022907,0.31477123650473904,0.006796272124934818
2022-06-02,0.030980554867696197,0.3152800894288186,0.0067964319828893015
2022-06-03,0.030983398253885155,0.31576980062483795,0.0067964319828893015
2022-06-04,0.030986462680696575,0.31576980062483795,0.0067964319828893015
2022-06-05,0.030989705088268937,0.31581003877797065,0.0067973556066263235
2022-06-06,0.03099237049369695,0.3158308968253587,0.006797577631563107
2022-06-07,0.030996126031285747,0.3168398899691517,0.006797861823482191
2022-06-08,0.031001321921242345,0.3177652244645921,0.006798257027869667
2022-06-09,0.03100676468773832,0.3186934433300142,0.006798257027869667
2022-06-10,0.031012742114181487,0.3194721874684112,0.0067989009001863405
2022-06-11,0.03101890110970739,0.3194721874684112,0.0067991984136016315
2022-06-12,0.031024702708382687,0.31953628722775584,0.006799615820482785
2022-06-13,0.0310294349871636,0.3207977819337868,0.006799620260981521
2022-06-14,0.03103576622213558,0.32189841937836083,0.006800344062275437
2022-06-15,0.031044531056947728,0.3229608925556568,0.006800983494093375
2022-06-16,0.031053750890963256,0.32329602774220423,0.006801418662969472
2022-06-17,0.031063235543127128,0.3242526850653794,0.006802089178278559
2022-06-18,0.031072492695689305,0.3242527089031479,0.006802764134086384
2022-06-19,0.031081665163857165,0.3243354378785311,0.006803523459370185
2022-06-20,0.031088786547288014,0.3258026167695769,0.006804025235727317
2022-06-21,0.031097577218017074,0.3272237291731056,0.006804931097469396
2022-06-22,0.03110713148362373,0.3286463671938147,0.006806121151130559
2022-06-23,0.031119572912945224,0.32993587127776675,0.006807493265239883
2022-06-24,0.03113101248282205,0.33100065671860174,0.006809424882189905
